?遺꾨쪟,?뚮텇瑜?1援ш컙,2援ш컙,3援ш컙,4援ш컙,?ㅽ럹??鍮꾧퀬
以묒븰,?ъ닔?꾨㈃??52500,58000,71000,81500,86500,
以묒븰,以묒븰吏?뺤꽍,44500,44500,48000,54500,58000,
以묒븰,以묒븰?곸옄??52000,52000,56500,64500,68000,
以묒븰,以묒븰?좎껜?댁꽍,22500,22500,24000,27500,29000,
?댁빞,?댁빞吏?뺤꽍 A,18000,18000,21500,25500,28500,
?댁빞,?묒썝?⑥꽍,20000,20000,25000,29000,32000,
?댁빞,?댁빞吏?뺤꽍 B,15500,17500,19000,21500,24000,
?댁빞,?댁빞諛뺤뒪??34000,34000,40500,46000,49000,6???댁빞,?댁빞?곸옄??1痢?,38500,38500,46500,52500,56000,
?댁빞,?댁빞?곸옄??4痢?,27000,27000,35500,40000,44000,
?댁빞,?댁빞?좎껜?댁꽍,9000,9000,11000,13000,14500,
?댁빞,?대떇??VIP ?쇱슫吏,152000,152000,156500,164500,168000,
?댁빞,?대떇??VIP ?뚮씪??116000,116000,122000,127500,130000,
?댁빞,?ㅽ뵆?섏돩 ?먯퓼吏,65500,67500,69000,71500,74000,
?댁빞,?ㅽ뵆?섏돩 ?쇰컲,45500,47500,49000,51500,54000,
?댁빞,?ㅽ뵆?섏돩 ?곸옄,57000,57000,65500,70000,74000,
?몄빞,?몄빞吏?뺤꽍,12000,13000,14500,16000,18000,
?몄빞,?붾뵒??23000,23000,27000,31000,34000,"3?? 4??
?몄빞,?몄빞而ㅽ뵆??34000,34000,40500,46000,49000,"2?? 6??
?몄빞,?몄빞?곸옄??29000,29000,36500,41000,45000,
?몄빞,?몄빞?좎껜?댁꽍,6000,6500,7500,8000,9000,
?ㅼ뭅?대컯???ㅼ뭅?대컯??100000,100000,110000,116500,122000,"12?? 15??